{
  "peak": 518.2655486547001,
  "last": 518.2599487668999
}